fromstopname,route_name,Count of total passengers
56 Dukaan,C-1,9
56 Dukan,C-1,19
56 Dukan Or Palasia,E-3,289
56 Dukan Or Palasia,R-9,406
7 Meel,M-22,23
8 Meel,M-22,65
9 Mile,M-19,363
Aastha Talkies,R-17,47
Abhinandan Pump,C2-(16),32
Abhvaj Udyan Or Choithram Chouraha,R-5,278
Advanced Academy,C-1,12
Agarwal Public School,M-29,27
Agrashen Chauraha,E-4,189
Agrawal Toll Kanta,M-17,41
Agrawal Toll Kanta,M-26,17
Agrawal Toll Kanta,M-26A,1
Agrawal Toll Kanta,N-5,8
Agrawal Toll Kanta,R-4,13
Ahilya Ashram,M-29,12
Airport,E-1,108
Airport,M-24B,38
Airport Gate,E-1,20
Akashwani,M-35,8
Ambikapuri Or Venkatesh Nagar,E-1,15
Amrapali Restrorant,E-5,7
Anand Bazar,C-1,30
Annapurna Nagar,E-4,141
Annapurna Nagar,M-20,14
Annapurna Nagar,M-20A,2
Annapurna Temple,E-4,119
Annapurna Temple,M-20,20
Annapurna Temple,M-20A,1
Annapurna Temple,R-4,98
Anshal Town,R-4,7
Antim Chauraha,E-1,75
Antim Chauraha,E-3,24
Antim Chauraha,M-11,18
Antim Chauraha,M-24B,17
Antim Chauraha,M-37,5
Antim Chauraha,M-4,25
Anup Talkies,M-25,84
Apj Abdul Kalam Univercity,R-4,13
Arodam Thana,E-1,50
Ashram Limbda Or Queens College,C-3,21
Ashram Limbda Or Queens College,M-19,169
Ashram Limbda Or Queens College,M-4,160
Ashram Limbda Or Queens College,M-6,470
Ashram Limbda Or Queens College,N-5,71
Ashta,Ashta-Indore,59
Ashta,Indore-Shujalpur,2
Aurobindo,C-4(M-34),463
Aurobindo,E-5,278
Aurobindo,M-35,514
Aurobindo,N-13,24
Aurobindo,R-5,3568
Azad Nagar,C2-(16),329
B C M,M-25,121
B C M,N-13,21
Babu Murai Or Ramkrishna Hospital,E-1,37
Babul Nagar,M-22,48
Babul Nagar,M-22 A,44
Babul Nagar,M-23,4
Babul Nagar,R-17,36
Bada Ganpati,C-3,25
Bada Ganpati,E-1,182
Bada Ganpati,E-3,503
Bada Ganpati,E-5,505
Bada Ganpati,M-11,251
Bada Ganpati,M-24B,177
Bada Ganpati,M-37,20
Bada Ganpati,M-4,408
Badi,Hoshangabad-Indore,2
Badwali Chowki,E-3,13
Badwali Chowki,M-11,19
Bakery Gali,M-11,10
Bakery Gali,M-25,10
Bakery Gali,M-36,29
Balaji Enclave,R-4,3
Banderi,Jhabhua-Indore,1
Baneswari Kund,E-5,519
Banganga,C-4(M-34),321
Bangrada Road Or Chota And Bada Bangadda,N-13,6
Bank,C2-(16),474
Bapat Square,M-17,85
Bapat Square,M-26,7
Bapat Square,M-26A,2
Bapat Square,N-13,31
Bapat Square,R-17,43
Bapat Square,R-4,38
Bapat Square,R-5,417
Barsana Garden,M-29,31
Bayan,Indore-Hoshangabad,1
Bengali Chouraha,E-3,315
Bengali Chouraha,M-27,855
Bengali Chouraha,M-37,63
Bengali Chouraha,N-12,79
Bengali Chouraha,N-5,365
Bengali Chouraha,R-5,1192
Bengali Chouraha,R-9,530
Bengali Colony,M-37,4
Bengali Colony,N-12,4
Bengali Colony,R-9,241
Bhagirathpura,M-11,76
Bhagirathpura Puliya,M-11,26
Bhairav Baba Mandir,M-24B,5
Bhairav Baba Mandir,N-13,2
Bhamori,M-25,44
Bhamori,R-17,10
Bhandari Mill Agniban,M-35,40
Bhandari Mill Agniban,R-4,33
Bhangad Squre Shalimar,R-17,5
Bharat Petrol Pump,M-27,145
Bharat Petrol Pump,N-5,40
Bhawani Nagar Or Super Coridor Bridge,N-13,23
Bholaram Chouraha,M-27,417
Bholaram Chouraha,N-12,60
Biaora,Indore-Narsingarh Via Biaora,1
Biaora,Narsingarh-Indore Via Biaora,5
Bicholi Mardana,M-29,88
Bijalpur,M-35,16
Bijasan Central School,C-3,4
Bijasan Central School,E-1,29
Bijasan Central School,M-24B,51
Bijasan Central School,M-37,2
Bijwad,Indore-Hoshangabad,1
Biyabani,E-5,129
Bohra Colony Or Trimula Own,N-13,1
Bombay Hospital,M-25,241
Bombay Hospital,M-27,556
Bombay Hospital,N-13,42
Bombay Hospital,N-5,129
Bombay Hospital,R-5,596
Borkheda Kalan,Hoshangabad-Indore,1
Brahman Pipliya,M-26A,7
Bsf Colony,M-24B,10
Budhaniya,M-24B,58
Budhaniya,N-13,1
Buranakhedi,M-37,10
By Pass Chouhan Nasta,Indore-Ashta,1
By Pass Chouhan Nasta,Indore-Shujalpur,1
Bypass,M-26,7
Bypass,M-29,47
Bypass,M-37,21
Bypass,N-12,2
Bypass,R-9,161
California City,R-9,42
Casa Green Township,R-4,1
Cat Square,E-1,12
Cat Square,M-20,40
Cat Square,M-20A,10
Cat Square,N-12,19
Cat Square,R-9,67
Chameli Devi,M-19,109
Chameli Devi School,M-35,44
Chanakya Complex,M-36,5
Chanakyapuri Or Kesar Bagh Bridge,E-4,281
Chanakyapuri Or Kesar Bagh Bridge,M-20,84
Chanakyapuri Or Kesar Bagh Bridge,M-20A,15
Chanakyapuri Or Kesar Bagh Bridge,M-27,563
Chanakyapuri Or Kesar Bagh Bridge,N-12,67
Chanakyapuri Or Kesar Bagh Bridge,R-4,77
Chandan Nagar,C2-(16),884
Chandan Nagar,M-27,1011
Chandralok,C-1,6
Chapda,Hoshangabad-Indore,3
Chapda,Indore-Hoshangabad,1
Chhoti Gwaltoli,C-4(M-34),30
Chhoti Gwaltoli,C2-(16),84
Chhoti Gwaltoli,M-22,2
Chhoti Gwaltoli,M-22 A,30
Chhoti Gwaltoli,M-36,2
Chhoti Gwaltoli,R-17,1
Chiman Bagh,M-11,31
Chiman Bagh,M-35,48
Chiman Bagh,R-4,47
Chitawad,E-4,144
Chitawad,M-22,57
Chitawad,M-22 A,90
Chitawad,M-23,2
Chitawad,M-27,94
Chitawad,M-37,1
Chitawad,N-12,2
Chitawad,N-5,23
Chitawad,R-17,97
Chitawad,R-5,559
Choithram Hospital,M-11,111
Choithram Hospital,M-35,77
Choithram Hospital,R-5,166
Choithram Mandi,M-11,248
Choithram Mandi,M-27,885
Choithram Mandi,M-35,619
Choithram Mandi,N-12,24
Choithram Mandi,R-5,369
Chota Bangarda,M-4,40
Chowthi-paltan,E-3,13
Chowthi-paltan,M-11,21
City Bus Depo,M-27,81
City Bus Depo,N-5,32
City Bus Depo,R-5,48
City Center,E-3,28
City Center,R-9,82
Collector Office,E-4,231
Collector Office,M-11,148
Collector Office,M-20,49
Collector Office,M-20A,18
Collector Office,M-24B,72
Collector Office,M-35,191
Collector Office,M-37,11
Collector Office,M-4,450
Collector Office,M-6,907
Collector Office,R-4,326
Collector Office,R-5,735
Collector Office,R-9,405
D A V V Campus,M-19,69
D A V V Campus,M-4,46
D A V V Campus,M-6,103
D A V V Campus,R-5,34
D Mart,E-4,74
D Mart,R-4,42
D R P Line,M-11,16
D R P Line,M-35,19
Dakachya,M-26,31
Damru-ustaad,M-11,24
Dashera Maidan Or Bank Colony,E-4,75
Dashera Maidan Or Bank Colony,M-20,52
Dashera Maidan Or Bank Colony,M-20A,6
Dashrath Bagh Colony,M-29,15
Dastur Garden,M-27,26
Datta Nagar,E-4,39
Datta Nagar,M-20,6
Datta Nagar,M-20A,3
Datta Nagar,N-12,3
Daulatpur,Ashta-Indore,1
Dawa Bazaar,C-4(M-34),47
Dawa Bazaar,M-22 A,47
Dawa Bazaar,M-29,24
Dawa Bazaar,R-17,13
Db City,M-25,97
Db City,N-13,16
Deendayal Garden,R-5,552
Deepmala Dhaba,C-4(M-34),53
Deepmala Dhaba,E-5,83
Deoguradiya Temple,M-22,106
Deoguradiya Temple,M-23,5
Deoguradiya Temple,M-29,30
Dewas Bus Stand,Ashta-Indore,17
Dewas Bus Stand,Indore-Ashta,10
Dewas Bus Stand,Indore-Narsingarh Via Biaora,7
Dewas Bus Stand,Indore-Shujalpur,3
Dewas Bus Stand,Narsingarh-Indore Via Biaora,1
Dewas Naka,M-17,179
Dewas Naka,M-26,66
Dewas Naka,M-26A,5
Dewas Naka,M-27,311
Dewas Naka,N-5,75
Dewas Naka,R-4,85
Dhakkanwala Kuan,M-36,40
Dhanwantri Nagar,E-4,142
Dhanwantri Nagar,M-20,24
Dhanwantri Nagar,M-20A,10
Dhanwantri Nagar,N-12,1
Dhar,Indore-Jhabhua,8
Dhar,Jhabhua-Indore,4
Diamond Colony Or Karnataka Vidya Niketan,R-9,52
Dodi,Ashta-Indore,2
Double Chowki,Harda-Indore,1
Double Chowki,Indore-Hoshangabad,1
Dravid Nagar,E-3,36
Dravid Nagar,R-9,42
Dudhia,M-22,56
Dwarka Puri Or Bhagwati Dwar,E-1,56
Dwarka Puri Or Bhagwati Dwar,E-3,18
Dwarka Puri Or Bhagwati Dwar,R-9,120
Electronic Complex,M-17,24
Electronic Complex,M-26,5
Electronic Complex,M-26A,1
Electronic Complex,M-35,130
Electronic Complex,R-4,63
Emerald Heights School,E-4,62
Energy Hospital,M-22,89
Fortune Hotel,M-17,15
Fortune Hotel,M-26,4
Fortune Hotel,N-13,3
Fortune Hotel,R-17,11
Fortune Hotel,R-4,7
Fortune Hotel,R-5,142
Fortune Landmark Hotel,M-17,2
Fortune Landmark Hotel,N-13,9
Fortune Landmark Hotel,R-17,1
Fortune Landmark Hotel,R-4,20
Fortune Landmark Hotel,R-5,50
G D C College,E-4,128
G D C College,M-11,81
G D C College,M-20,31
G D C College,M-20A,3
G D C College,M-24B,36
G D C College,M-4,167
G D C College,R-4,84
G D C College,R-5,443
G D C College,R-9,216
G P O,M-22,85
G P O,M-22 A,66
G P O,R-17,14
G S I T S Square,M-25,21
Gadiya,Narsingarh-Indore Via Biaora,2
Gamla Wali Puliya,E-4,41
Gandhi Hall Or Palika Plaza,C-4(M-34),63
Gandhi Hall Or Palika Plaza,E-3,139
Gandhi Hall Or Palika Plaza,M-20A,3
Gandhi Hall Or Palika Plaza,M-22 A,99
Gandhi Hall Or Palika Plaza,M-25,90
Gandhi Hall Or Palika Plaza,M-29,66
Gandhi Hall Or Palika Plaza,M-36,92
Gandhi Hall Or Palika Plaza,R-9,161
Gandhi Nagar,C-3,10
Gandhi Nagar,E-1,221
Gandhi Nagar,M-24B,115
Gandhi Nagar,M-37,19
Gandhi Nagar,N-13,21
Ganesh Bagh Square,M-29,51
Ganesh Dham,C-4(M-34),74
Ganesh Dham,E-5,54
Gangwal Bus Stand,C2-(16),1086
Gangwal Bus Stand,E-1,152
Gangwal Bus Stand,E-3,69
Gangwal Bus Stand,M-11,103
Gangwal Bus Stand,M-22 A,152
Gangwal Bus Stand,M-24B,42
Gangwal Bus Stand,M-37,21
Gangwal Bus Stand,M-4,391
Gari Pipliya,M-26A,45
Garib Nawaj Colony,M-4,121
Gaytri Mandir,E-3,68
Gaytri Mandir,R-9,64
Geeta Bhawan Square,M-36,320
Girdhar Mahal,M-25,11
Golwa,Indore-Narsingarh Via Biaora,1
Gomatgiri,E-1,24
Gomatgiri,M-24B,26
Gomatgiri,N-13,8
Gomatgiri Power House,C-3,5
Gomatgiri Power House,E-1,15
Gomatgiri Power House,M-37,4
Gomatgiri Power House,N-13,5
Gopur Square,M-27,482
Gotiya Aam Road,Jhabhua-Indore,2
Gouri Nagar,M-17,68
Gouri Nagar,M-26,12
Gouri Nagar,M-26A,13
Gouri Nagar,M-35,138
Gouri Nagar,R-4,85
Goverment College Rau,M-20,23
Goverment College Rau,M-20A,14
Gram Pipliyahana,C-4(M-34),19
Gram Pipliyahana,M-29,31
Grampanchayat Rangwasa,M-20,3
Grampanchayat Rangwasa,M-20A,11
Gumasta Nagar Or Sudama Nagar Or Arihant,E-1,113
Gumasta Nagar Or Sudama Nagar Or Arihant,E-3,29
Gumasta Nagar Or Sudama Nagar Or Arihant,E-5,125
Gumasta Nagar Or Sudama Nagar Or Arihant,R-9,59
Guran,M-26A,8
Gurudwara,C-3,2
Gurudwara,C2-(16),614
Gurudwara,M-20,10
Gurudwara,M-22 A,118
Gurudwara,M-35,57
Gurudwara,M-6,54
Gurudwara,R-4,43
Gurudwara,R-9,55
Gurukul Colony,M-20,5
Haj House,C-4(M-34),2
Haji Colony,C-1,31
Hammal Colony,M-4,25
Hanuman Mandir,M-17,15
Hanuman Mandir,M-26,38
Hanuman Mandir,M-26A,1
Hanuman Mandir,M-27,97
Hanuman Mandir,M-29,170
Hanuman Mandir,M-37,8
Hanuman Mandir,N-5,108
Hanuman Mandir,R-5,81
Hanuman Mandir Or Tilak Nagar,E-3,100
Hanuman Mandir Or Tilak Nagar,R-9,129
Harda,Harda-Indore,6
Hardias Eye Hospital,M-35,7
Harsiddhi,M-35,23
Harsiddhi,M-6,6
Harsiddhi,R-4,12
Harsiddhi,R-9,30
Hatod Hospital,M-24B,4
Hatod Hospital,M-37,20
Hatod Hospital,N-13,2
Hatod Village,C-3,69
Hatod Village,M-24B,85
Hatod Village,M-37,47
Hatod Village,N-13,19
Hawa Bangla,E-1,67
Hawa Bangla,E-3,70
Hawa Bangla,E-5,148
Hawa Bangla,R-9,151
High Court,C-1,28
High Court,M-25,38
High Court,R-17,13
Himmatgarh,C2-(16),55
Hira Nagar,M-17,26
Hira Nagar,R-17,19
Hira Nagar,R-4,20
Hnutiya,M-26A,28
Hoshangabad,Hoshangabad-Indore,1
Hp Gas Plant,M-26,10
I E T College,M-19,14
I E T College,M-4,30
I E T College,M-6,113
I E T College,N-5,27
I P S Acadamy,E-4,78
I P S Acadamy,M-35,33
I P S Academy,E-4,260
I P S Academy,M-35,207
I T Park Or Ashram Chauraha,C-3,14
I T Park Or Ashram Chauraha,M-19,490
I T Park Or Ashram Chauraha,M-27,1205
I T Park Or Ashram Chauraha,M-37,2
I T Park Or Ashram Chauraha,M-4,435
I T Park Or Ashram Chauraha,M-6,1152
I T Park Or Ashram Chauraha,N-12,106
I T Park Or Ashram Chauraha,N-5,532
I T Park Or Ashram Chauraha,R-5,463
Iit Gate No 2,M-19,3
Iit Simrol,M-19,38
Imli Bazar,C-4(M-34),1
Imli Bazar,E-3,8
Imli Bazar,M-11,11
Index Medical College,M-22,202
Indian Oil Petrol Pump,N-5,2
Indo German,C-4(M-34),52
Indo German,E-5,49
Indore,Indore-Ashta,26
Indore,Indore-Harda,9
Indore,Indore-Hoshangabad,5
Indore,Indore-Jhabhua,16
Indore,Indore-Narsingarh Via Biaora,7
Indore,Indore-Shujalpur,10
Indore Railway Station,C-3,15
Indore Railway Station,C-4(M-34),261
Indore Railway Station,M-17,582
Indore Railway Station,M-20,4
Indore Railway Station,M-22,499
Indore Railway Station,M-22 A,437
Indore Railway Station,M-26,170
Indore Railway Station,M-26A,9
Indore Railway Station,M-29,127
Indore Railway Station,M-36,104
Indore Railway Station,R-17,113
Indore Wire House,M-4,121
Indra Prasth Chouraha,M-36,53
Indraprasth Choutaha,M-36,5
Indraprastha Garden,E-4,31
Indraprastha Garden,M-20,18
Indraprastha Garden,M-20A,3
Indraprastha Garden,N-12,1
Indraprastha Tower,E-3,52
Indraprastha Tower,R-9,94
Industry House,C-1,41
Infosys Compony,N-13,3
Isha Avanue Gate,M-4,47
Jain Nursary,M-17,26
Jain Nursary,M-26,7
Jain Nursary,R-4,1
Jairam Toll Kata,M-22,19
Jairam Toll Kata,M-22 A,22
Jairam Toll Kata,R-17,55
Jamgod Road,Indore-Ashta,1
Jamniya Khurd,M-23,21
Janjeerwala Square,C-1,114
Janjeerwala Square,M-36,111
Jawahar Tekri,C2-(16),209
Jawar Jod Bus Stop,Ashta-Indore,2
Jhabua,Jhabhua-Indore,11
Jila Hospital,C2-(16),67
Jinsi Chauraha,E-3,41
Jinsi Chauraha,E-5,54
Jinsi Chauraha,M-11,59
Jinsi Chauraha,M-4,20
Jivan Jyoti,M-35,16
Juni Indore,M-24B,15
Juni Indore,M-4,151
Juni Indore,M-6,366
Kadwa,M-26A,1
Kaila Mata Mandir,M-35,21
Kaisarbagh Bridge,M-35,55
Kakad,M-35,9
Kakad,N-13,3
Kakad,R-5,29
Kalani Nagar,E-1,43
Kalani Nagar,M-24B,74
Kalani Nagar,M-37,23
Kalaria,C2-(16),74
Kali Puliya,C2-(16),135
Kalidevi,Jhabhua-Indore,3
Kalindi Bypass,M-29,16
Kalindi Mid Town,M-29,8
Kampel,M-23,11
Kanad,M-19,109
Kanadiya Gaon,R-9,238
Kanadiya Thana,R-9,27
Kandilpura,E-3,139
Kandilpura,M-11,50
Kandilpura,M-4,7
Kankeshwari Devi Mandir Dham,M-17,25
Kankeshwari Devi Mandir Dham,M-26,21
Kankeshwari Devi Mandir Dham,M-26A,10
Kankeshwari Devi Mandir Dham,R-4,60
Kannod,Harda-Indore,5
Kannod,Hoshangabad-Indore,2
Kannod,Indore-Hoshangabad,3
Karadiyagada,Ashta-Indore,1
Karnawad Road,Indore-Harda,2
Karuna Sagar,R-9,67
Kasturba Gram,C-3,1
Kasturba Gram,M-19,8
Kasturba Gram,M-4,26
Kasturba Gram,M-6,44
Kasturba Gram,N-5,17
Kelod Kartal Or Lotus Garden,M-19,35
Kesherbagh Bridge,M-27,147
Kesherbagh Bridge,N-12,8
Khade Ganpati Square,M-29,40
Khadi Jod,Ashta-Indore,1
Khajrana Dargah,C-1,590
Khajrana Ganesh Mandir,E-3,4
Khajrana Ringroad,M-27,490
Khajrana Ringroad,M-36,47
Khajrana Square Or Khajrana Ab Road,E-3,20
Khajrana Square Or Khajrana Ab Road,M-27,120
Khajrana Square Or Khajrana Ab Road,N-5,203
Khajrana Square Or Khajrana Ab Road,R-5,751
Khajrana Square Or Ring Road,C-1,241
Khakrod,M-26A,14
Kharcha,C-4(M-34),55
Kharcha,E-5,7
Khategoan,Harda-Indore,1
Khategoan,Hoshangabad-Indore,3
Khudel,Indore-Harda,1
Khudel,M-22,98
Kila Maidan,M-4,53
Kila Maidan Or Laxmibai Pratima,E-5,98
Kothari Market,C-1,26
Kothari Market,C-4(M-34),11
Kothari Market,E-3,23
Kothari Market,M-22 A,27
Kothari Market,M-25,7
Kothari Market,M-29,12
Kothari Market,M-36,22
Kothari Market,R-9,27
Kothari Market Or Mth,C-1,13
Kothari Market Or Mth,C-4(M-34),13
Kothari Market Or Mth,E-3,13
Kothari Market Or Mth,M-22 A,17
Kothari Market Or Mth,M-25,3
Kothari Market Or Mth,M-29,11
Kothari Market Or Mth,M-36,3
Kothari Market Or Mth,R-9,37
Krishi College,C-4(M-34),32
Krishi College,M-29,69
Krishna Nagar,R-4,12
Krishnapuri Colony Or Allahabad Bank,C-4(M-34),18
Krishnapuri Colony Or Allahabad Bank,N-5,67
Krishnapuri Colony Or Allahabad Bank,R-5,99
Kshipra,M-26,23
Kshipra,Narsingarh-Indore Via Biaora,1
Kudana,M-26A,6
Kudana Bypass,M-26A,7
Kumar Khadi,C-4(M-34),16
Kumar Khadi,E-5,99
Kundan Nagar,R-9,40
Kushwah Nagar,C-4(M-34),94
L I G Square,M-36,149
Lakhani Bypass,M-22,169
Lakhani Bypass,M-22 A,173
Lakhani Bypass,M-23,1
Lakhani Bypass,R-17,70
Lal Bagh,E-4,46
Lal Bagh,M-11,8
Lal Bagh,M-20,18
Lal Bagh,M-20A,1
Lal Bagh,M-24B,15
Lal Bagh,M-37,20
Lal Bagh,M-4,46
Lal Bagh,R-4,33
Lal Bagh,R-5,200
Lal Bagh,R-9,55
Lantern Chowk,C-1,26
Lantern Chowk,M-25,50
Lantern Chowk,R-17,40
Lasudia,M-17,118
Lasudia,M-26,32
Lasudia,M-26A,13
Lasudia,N-5,36
Lasudia,R-4,17
Lasudiya Parmar,M-26,13
Lavkush Chouraha,C-4(M-34),120
Lavkush Chouraha,E-5,98
Lavkush Chouraha,M-35,10
Lavkush Chouraha,N-13,100
Lavkush Chouraha,R-5,199
Laxmi Bai Railway Station,M-11,29
Laxmi Petrol Pump,M-17,13
Laxmi Petrol Pump,M-26,47
Laxmi Petrol Pump,M-26A,33
Laxmi Petrol Pump,N-5,26
Laxmi Petrol Pump,R-4,3
Laxmibai Mandi,M-4,15
Lokhande Bridge,M-29,1
M I G Police Station Or Atal Dwar,M-36,82
M O G Lines Road,E-1,260
M O G Lines Road,E-3,12
M O G Lines Road,M-11,27
M O G Lines Road,M-24B,14
M O G Lines Road,M-4,19
M R 10,M-17,81
M R 10,M-35,522
M R 10,N-13,82
M R 10,R-17,93
M R 10,R-4,296
M R 10,R-5,738
M R-10 Road Bridge,M-35,1
M R-10 Toll Plaza,M-35,7
M R-10 Toll Plaza,N-13,4
M R-10 Toll Plaza,R-5,143
M T H,M-25,9
M Y Chauraha,C-3,6
M Y Chauraha,C-4(M-34),34
M Y Chauraha,M-29,25
M Y Chauraha,R-17,80
M Y Hospital,C-4(M-34),37
M Y Hospital,C2-(16),615
M Y Hospital,M-22,39
M Y Hospital,M-22 A,58
M Y Hospital,M-29,25
M Y Hospital Bus Stand,R-17,23
M Y Hospital Gate,C-4(M-34),190
M Y Hospital Gate,M-22,168
M Y Hospital Gate,M-22 A,103
M Y Hospital Gate,M-29,97
M Y Tempo Stand,R-17,16
Machhaliya,Indore-Jhabhua,1
Machli Farm House,C-3,1
Machli Farm House,M-19,27
Machli Farm House,M-4,26
Machli Farm House,M-6,84
Machli Farm House,N-5,18
Madhumilan Chauraha,C-3,3
Madhumilan Chauraha,C-4(M-34),79
Madhumilan Chauraha,C2-(16),370
Madhumilan Chauraha,M-22,50
Madhumilan Chauraha,M-22 A,72
Madhumilan Chauraha,M-29,52
Madhumilan Chauraha,M-36,102
Madhumilan Chauraha,R-17,30
Mahak Vatika,M-36,210
Mahalaxmi Nagar,M-25,104
Mahalaxmi Nagar,N-13,6
Maharaja Ranjit Singh College,C-3,2
Maharaja Ranjit Singh College,M-19,26
Maharaja Ranjit Singh College,M-4,78
Maharaja Ranjit Singh College,M-6,213
Maharaja Ranjit Singh College,N-5,12
Maharana Pratap Chowk,E-3,41
Maharana Pratap Chowk,R-9,159
Mahesh Gaurd Line Or Police Line Pump,E-5,191
Mahesh Gaurd Line Or Police Line Pump,M-29,7
Maksi,Indore-Narsingarh Via Biaora,2
Maksi,Narsingarh-Indore Via Biaora,8
Maksi Bypass,Narsingarh-Indore Via Biaora,1
Malganj Chouraha,E-5,16
Malgunj,C2-(16),113
Malgunj,E-5,57
Malgunj,M-22 A,48
Malviya Nagar,M-27,974
Malviya Nagar,M-36,399
Malviya Nagar,N-5,275
Malviya Nagar,R-5,1026
Malviya Petrol Pump,M-27,401
Malviya Petrol Pump,N-5,189
Malviya Petrol Pump,R-5,394
Malwa Mill,M-11,104
Malwa Mill,M-17,14
Malwa Mill,M-25,112
Malwa Mill,M-26A,2
Malwa Mill,M-36,174
Malwa Mill,R-17,60
Mamaji Ka Dhaba,M-35,19
Mamta Colony Or Ganesh Mandir,C-1,60
Manavta Nagar,R-9,198
Mangliya,M-17,429
Mangliya,M-26,13
Mangliya,M-26A,68
Mangliya,N-5,50
Manik Baag Bridge,M-11,7
Manik Baag Bridge,M-35,43
Mari Mata Square,C-4(M-34),161
Mari Mata Square,E-5,400
Mari Mata Square,M-29,129
Marod Fata,M-19,65
Maruti Nagar,M-26,8
Maruti Nagar,M-26A,1
Masjeed Khudel,M-22,21
Mayur Hospital,E-3,5
Mayur Hospital,M-27,114
Mayur Hospital,N-5,78
Mayur Hospital,R-5,70
Medicaps College,M-35,389
Meghadut Garden,M-17,23
Meghadut Garden,M-26,1
Meghadut Garden,N-13,10
Meghadut Garden,R-17,25
Meghadut Garden,R-4,17
Meghadut Garden,R-5,213
Mehatwara,Ashta-Indore,1
Mehatwara,Indore-Ashta,2
Mhow Nak,E-5,248
Mhow Nak,M-37,37
Mhow Naka,E-1,113
Mhow Naka,E-3,39
Mhow Naka Annapurna Road,E-1,64
Mhow Naka Annapurna Road,E-4,520
Mhow Naka Annapurna Road,E-5,177
Mhow Naka Annapurna Road,M-20,90
Mhow Naka Annapurna Road,M-20A,26
Mhow Naka Annapurna Road,R-4,24
Mhow Naka Complex,M-11,100
Mhow Naka Complex,M-24B,92
Mhow Naka Complex,M-37,12
Mhow Naka Complex,M-4,408
Mhow Naka Complex,R-4,94
Mhow Naka Complex,R-5,1051
Mhow Naka Complex,R-9,202
Modern Square,C-4(M-34),16
Modern Square,E-5,79
Moni Baba Ashram,C-4(M-34),11
Moni Baba Ashram,E-5,53
Mppt,M-19,80
Mukti Dham,M-17,5
Mukti Dham,M-26,5
Musakhedi Ring Road,C-4(M-34),68
Musakhedi Ring Road,C2-(16),1308
Musakhedi Ring Road,M-27,1276
Musakhedi Ring Road,M-37,15
Musakhedi Ring Road,N-12,150
Musakhedi Ring Road,N-5,350
Musakhedi Ring Road,R-5,2189
Musakhedi Sabji Mandi,C2-(16),177
Musakhedi Sawariya Mandir,C2-(16),574
Nagar Nigam,C-4(M-34),41
Nagar Nigam,E-3,61
Nagar Nigam,M-11,115
Nagar Nigam,M-29,59
Nagar Nigam,M-35,101
Nagar Nigam,R-4,65
Nai Duniya,M-20,68
Nai Duniya,M-20A,7
Nai Sadak,M-17,42
Nai Sadak,M-26,12
Nai Sadak,R-4,5
Naka Bhatta,M-35,23
Nakhrali Dhani,M-20,1
Nanda Nagar,M-11,8
Nandbagh Colony,M-29,208
Nandlalpura,M-22 A,4
Narmada Chouraha,R-4,20
Narmada Project,C2-(16),111
Narsingh Bazar,C-3,7
Narsingh Bazar,C2-(16),165
Narsingh Bazar,M-22 A,6
Narsinghgarh,Narsingarh-Indore Via Biaora,7
Narval,C-4(M-34),53
Nasrullaganj,Indore-Hoshangabad,3
Nath Mandir Or Samrat Hotel,R-9,33
Navda Panth,C2-(16),67
Navlakha Bus Stand,C-3,5
Navlakha Bus Stand,M-22,336
Navlakha Bus Stand,M-22 A,532
Navlakha Bus Stand,R-17,46
Navlakha Chouraha,E-4,299
Navlakha Chouraha,M-23,10
Navlakha Chouraha,R-17,64
Navneet Garden Crossing,E-4,63
Navneet Garden Crossing,M-20,22
Navneet Garden Crossing,M-20A,1
Navneet Tower Or Saket Nagar,C-1,39
Naw Factory,R-9,29
Naya Basera,E-1,20
Naya Basera,M-24B,20
Nayta Mundla,C-4(M-34),295
Nayta Mundla By Pass,C-4(M-34),1
Nehru Park Railway Station,M-17,5
Nemawar,Harda-Indore,1
Netralaya,C2-(16),171
Nevri Fata,Indore-Ashta,1
Nipania Bus Stop,M-25,117
Nipaniya Chouraha,M-27,773
Nipaniya Chouraha,N-5,135
Nirmal Dham,R-9,14
Noorani Nagar,C2-(16),231
Omax City By Pass,Indore-Ashta,3
Pachore,Narsingarh-Indore Via Biaora,6
Pagari,Narsingarh-Indore Via Biaora,1
Palasia,C-1,132
Palasia Badwani Plaza,E-3,69
Palasia Badwani Plaza,R-9,349
Palda Naka,C-4(M-34),51
Palda Naka,M-22,126
Palda Naka,M-22 A,188
Palda Naka,M-23,14
Palda Naka,R-17,72
Palsikar Colony,M-11,54
Palsikar Colony,M-35,57
Palsikar Colony,R-5,294
Palsikar School Or Jabran Colony,E-4,67
Panch Sheel,E-1,29
Panch Sheel,M-24B,26
Panch Sheel,M-37,1
Panchwati,M-17,41
Panchwati,M-26,66
Panchwati,N-5,105
Panchwati,R-4,54
Pandrinath,M-20,16
Pandrinath,M-20A,9
Pandrinath,M-35,36
Pandrinath,M-6,31
Pandrinath,R-4,7
Pandrinath,R-9,9
Paraspar Nagar,R-4,9
Pardeshipura,M-11,39
Pardeshipura,M-17,97
Pardeshipura,M-26,15
Pardeshipura,M-26A,1
Pardeshipura,M-35,364
Pardeshipura,R-4,158
Pardesipura Police Station,M-35,8
Parmanu Nagar,M-20,7
Patel Bridge,C2-(16),248
Patnipura,M-11,159
Patnipura,M-25,330
Patnipura,M-36,255
Patnipura,R-17,104
Patrakar Colony,E-3,46
Patrakar Colony,R-9,132
Patwa,M-26A,3
Pawanpuri Colony Or S R Pump,C-4(M-34),16
Pawanpuri Colony Or S R Pump,M-27,261
Pawanpuri Colony Or S R Pump,N-5,27
Pawanpuri Colony Or S R Pump,R-5,317
Phooti Kothi Chouraha,M-27,847
Phooti Kothi Square,E-1,57
Phooti Kothi Square,E-3,286
Phooti Kothi Square,E-5,338
Phooti Kothi Square,R-9,493
Pink City,C-4(M-34),7
Pipli Bazar,C2-(16),74
Pipli Bazar,M-22 A,12
Piplyahana Square,C-4(M-34),398
Piplyahana Square,Indore-Hoshangabad,7
Piplyahana Square,M-27,962
Piplyahana Square,M-29,339
Piplyahana Square,N-12,62
Piplyahana Square,N-5,239
Piplyahana Square,R-5,1027
Pirkaradiya,M-26,15
Pitra Parvat,C-3,4
Pitra Parvat,E-1,55
Pitra Parvat,M-24B,37
Pitra Parvat,M-37,9
Pitra Parvat,N-13,11
Pivday,M-23,7
Polo Ground,M-29,36
Power House,C-3,11
Power House,M-19,39
Power House,M-29,5
Power House,M-4,48
Power House,M-6,223
Power House,N-5,14
Power House Dudhiya,M-22,44
Prabhu Toll Kata,M-22,85
Prabhu Toll Kata,M-22 A,83
Prabhu Toll Kata,M-23,2
Prabhu Toll Kata,R-17,49
Prakash Nagar,M-22,116
Prakash Nagar,M-22 A,21
Prakash Nagar,M-23,22
Prakash Nagar,R-17,25
Pratiksha Dhaba,M-27,196
Pratiksha Dhaba,N-12,14
Prem Nagar,M-11,14
Prem Nagar,M-35,17
Prem Nagar,R-5,57
Pushpkunj Hospital,M-19,42
Pushpkunj Hospital,M-4,13
Pushpkunj Hospital,M-6,131
Pushpkunj Hospital,N-5,31
Pushpratan Park,M-29,63
Radha Swami,C-3,22
Radha Swami,M-19,103
Radha Swami,M-4,792
Radha Swami,M-6,2251
Radha Swami,N-5,83
Raj Mohalla Chowk,C2-(16),126
Raj Mohalla Chowk,E-1,96
Raj Mohalla Chowk,E-3,44
Raj Mohalla Chowk,E-5,205
Raj Mohalla Chowk,M-11,56
Raj Mohalla Chowk,M-22 A,134
Raj Mohalla Chowk,M-24B,39
Raj Mohalla Chowk,M-4,84
Rajdhara,M-23,1
Rajendra Nagar,E-4,143
Rajendra Nagar,M-20,32
Rajendra Nagar,M-20A,18
Rajendra Nagar,M-35,119
Rajendra Nagar,N-12,6
Rajgarh,Indore-Jhabhua,5
Rajgarh,Jhabhua-Indore,5
Rajiv Gandhi Chouraha,M-27,618
Rajiv Gandhi Chouraha,N-12,58
Rajkumar Bridge,M-11,24
Rajkumar Bridge,M-17,1
Rajkumar Bridge,M-26A,1
Rajwada Circle,C-1,645
Rajwada Circle,C-4(M-34),695
Rajwada Circle,M-20,231
Rajwada Circle,M-20A,100
Rajwada Circle,M-25,410
Rajwada Circle,M-29,302
Rajwada Circle,M-35,737
Rajwada Circle,M-36,584
Rajwada Circle,M-6,2175
Rajwada Circle,R-4,411
Rajwada Circle,R-9,688
Ram Bagh,C-4(M-34),2
Ram Bagh,E-3,10
Ram Bagh,M-11,19
Ram Pipliya,M-26A,27
Rambali Square,M-29,34
Ramchandra Pump Or A P T C,E-1,211
Ramchandra Pump Or A P T C,M-24B,38
Rani Sati Garden,M-25,6
Rani Sati Garden,R-17,15
Ranjeet Hanuman Mandir,E-1,100
Ranjeet Hanuman Mandir,E-3,71
Ranjeet Hanuman Mandir,E-5,139
Ranjeet Hanuman Mandir,R-9,234
Rasoma Chauraha,R-17,16
Rau Bus Stop,M-35,278
Rau Bypass,M-35,73
Rau Rangwasa Chourah,M-20,141
Rau Rangwasa Chourah,M-20A,48
Regal Square,C-1,202
Regal Square,C-4(M-34),16
Regal Square,E-3,156
Regal Square,M-22 A,60
Regal Square,M-25,120
Regal Square,M-29,10
Regal Square,M-36,5
Regal Square,R-17,50
Regal Square,R-9,304
Relax Garden Or Krishna Kunj Gate,E-1,32
Relax Garden Or Krishna Kunj Gate,E-3,21
Relax Garden Or Krishna Kunj Gate,R-9,110
Renaissance College,M-36,43
Reti Mandi,E-4,40
Reti Mandi,R-4,48
Reti Mandi Ab Road,E-4,24
Reti Mandi Square,M-20,12
Reti Mandi Square,M-20A,5
Reti Mandi Square,N-12,4
Rewati Range,E-5,28
River Side Or Krishnapura Pull,C-4(M-34),7
River Side Or Krishnapura Pull,M-22 A,3
River Side Or Krishnapura Pull,M-36,1
Roberts Nursing Home,C-4(M-34),6
Roberts Nursing Home,M-29,18
Royal Bangla,M-17,68
Royal Bangla,N-13,34
Royal Bangla,R-17,14
Royal Bangla,R-4,12
Royal Bangla,R-5,141
Royal Bungalow,M-25,51
Rto Office,C-4(M-34),67
Ruchi Soya,M-17,34
Ruchi Soya,M-26,85
Ruchi Soya,M-26A,14
Ruchi Soya,N-5,37
Sadar Bazar,C-4(M-34),1
Sadar Bazar Water Tank,C-4(M-34),5
Sai Niwas,E-1,51
Sai Niwas,E-3,23
Sai Niwas,R-9,94
Saifee Nagar,M-11,52
Saifee Nagar,M-35,75
Saifee Nagar,R-5,259
Saify Square,C2-(16),199
Salkanpur,Hoshangabad-Indore,1
Sanawadiya,M-23,7
Sanchar Nagar,N-12,9
Sanchar Nagar,R-9,144
Sangam Nagar Road,M-4,120
Sanghi,M-17,52
Sanghi,M-26,15
Sanghi,M-26A,3
Sanghi,N-5,20
Sanghi,R-4,16
Sanjay Setu,C2-(16),207
Sanjay Setu,M-22 A,10
Sanjay Setu,M-29,34
Sanwer,M-26A,33
Sapera Colony,M-19,31
Sapna Sangeeta,E-4,102
Sarangpur,Indore-Narsingarh Via Biaora,8
Sarangpur,Narsingarh-Indore Via Biaora,11
Sarthak Industry Sindhi Baroda,M-22,31
Sarwate Bus Depot,M-22,6
Sarwate Bus Depot,M-22 A,31
Sarwate Bus Depot,M-29,8
Sarwate Bus Depot,R-17,4
Satya Sai Square,M-17,90
Satya Sai Square,M-25,242
Satya Sai Square,M-26,29
Satya Sai Square,M-26A,18
Satya Sai Square,N-13,21
Satya Sai Square,R-4,38
Satya Sai Square,R-5,349
Sayaji Petrol Pump,M-17,34
Sayaji Petrol Pump,M-25,83
Sayaji Petrol Pump,M-26,8
Sayaji Petrol Pump,M-26A,8
Sayaji Petrol Pump,N-13,183
Sayaji Petrol Pump,R-17,2
Sayaji Petrol Pump,R-4,49
Sayaji Petrol Pump,R-5,126
Scheme No 140,M-29,6
Scheme No 140 Jmb,M-29,9
Scheme No 51 Square,M-29,53
Scheme Number 78,M-17,48
Scheme Number 78,M-26,22
Scheme Number 78,M-26A,5
Scheme Number 78,R-4,24
School Of Pharmacy,M-27,12
School Of Pharmacy,N-12,3
School Of Pharmacy,N-5,7
School Of Pharmacy,R-5,58
Semliya Chau,M-37,55
Sewa Kunj,M-37,20
Sewa Kunj,R-9,171
Shajapur,Indore-Narsingarh Via Biaora,8
Shajapur,Narsingarh-Indore Via Biaora,8
Shalby Hospital,M-36,97
Shalimar Township,M-17,26
Shalimar Township,M-26,9
Shalimar Township,R-4,21
Shangri La,R-4,1
Shanti Nagar,C-4(M-34),26
Shanti Nagar,M-27,128
Shanti Nagar,N-12,14
Shanti Nagar,N-5,60
Shanti Nagar,R-5,184
Shastri Bridge,M-26A,17
Shell City,M-19,105
Shikshak Nagar,E-1,305
Shikshak Nagar,M-24B,50
Shiv Chowk Rangwasa,M-20,55
Shiv Chowk Rangwasa,M-20A,16
Shiv Mandir 8 Meel,M-22,25
Shiv Shakti Nagar,R-9,61
Shivaji Vatika,M-22,95
Shivaji Vatika,M-22 A,138
Shivalik Parishar,M-29,61
Shivnagar Chouraha,M-23,6
Shramik Colony,M-35,107
Shree Krishna Talkies,C-1,103
Shree Krishna Talkies,C-4(M-34),6
Shree Krishna Talkies,E-3,28
Shree Krishna Talkies,M-22 A,86
Shree Krishna Talkies,M-25,42
Shree Krishna Talkies,M-36,45
Shree Krishna Talkies,R-9,44
Shree Krishna Talkies Or Krishn Pura Or Sanjay Setu,C-1,3
Shree Krishna Talkies Or Krishn Pura Or Sanjay Setu,E-3,31
Shree Krishna Talkies Or Krishn Pura Or Sanjay Setu,M-22 A,32
Shree Krishna Talkies Or Krishn Pura Or Sanjay Setu,M-36,3
Shree Krishna Talkies Or Krishn Pura Or Sanjay Setu,R-9,9
Shree Vinayak,M-29,21
Shreenath Colony,M-4,48
Shri Vaishnav Dham,M-29,17
Shri Vidya Dham,M-24B,29
Shubha City,C-4(M-34),25
Shyam Heights,M-29,100
Siddhipuram,R-4,19
Silicon City,E-4,585
Silicon City Gate,M-35,55
Silver Springs,C-4(M-34),46
Simrol,M-19,148
Sindhi Colony,E-4,87
Sindhi Colony,M-24B,33
Sindhi Colony,M-4,199
Sindhi Colony,M-6,664
Sirpur,C2-(16),102
Smriti Talkies,E-3,3
Smriti Talkies,M-11,12
Sonkatch Bus Stand,Ashta-Indore,24
Sonkatch Bus Stand,Indore-Ashta,5
Spring Valley,R-9,38
St Norbert School,M-20,31
St Norbert School,M-20A,3
Star Square,C-1,15
Subhash Nagar,M-17,24
Subhash Nagar,M-26,2
Subhash Nagar,M-35,27
Subhash Nagar,R-4,31
Sukhliya,C-4(M-34),22
Sukhliya,E-5,39
Sukliya,M-17,22
Sukliya,N-13,14
Sukliya,R-17,24
Sukliya,R-4,22
Sukliya,R-5,198
Summer Park,M-25,111
Sun City,M-25,66
Sun City,N-13,3
Sunidhi Tol Kanta,M-22,35
Super Corridor,E-1,66
Super Corridor,N-13,11
Suraj Bali Nagar,M-4,101
Surya Dev Nagar,E-1,11
Surya Dev Nagar,R-9,45
Surya Mandir,M-20,50
Surya Mandir,M-20A,19
Swami Vivekanand College,M-19,14
Talawali Chanda,R-4,17
Talawali Chanda Panchayat,M-17,28
Talawali Chanda Panchayat,M-26,7
Talawali Chanda Panchayat,M-26A,2
Talawali Chanda Panchayat,N-5,16
Tantya Bheel Chouraha,C-3,137
Tantya Bheel Chouraha,M-23,1
Tantya Bheel Chouraha Police Station,M-19,485
Tantya Bheel Chouraha Police Station,M-4,1382
Tantya Bheel Chouraha Police Station,M-6,3269
Tantya Bheel Chouraha Police Station,R-5,1745
Tantya Bheel Chouraha Tempo Stand,M-24B,377
Tantya Bheel Chouraha Tempo Stand,M-37,50
Tata Tower And Godown,M-17,49
Tata Tower And Godown,M-26,8
Tata Tower And Godown,M-26A,11
Tata Tower And Godown,N-5,40
Tata Tower And Godown,R-4,19
Tcs Square,N-13,176
Teen Imli,C-4(M-34),261
Teen Imli,E-4,656
Teen Imli,M-22,782
Teen Imli,M-22 A,847
Teen Imli,M-23,35
Teen Imli,M-27,1576
Teen Imli,M-37,18
Teen Imli,N-12,151
Teen Imli,N-5,581
Teen Imli,R-17,79
Teen Imli,R-5,1885
Teen Puliya,M-11,12
Tejaji Chowk,C-4(M-34),48
Tejaji Nagar,C-3,338
Tejaji Nagar,M-19,185
Tejaji Nagar,M-4,462
Tejaji Nagar,M-6,1426
Tejaji Nagar,N-5,174
Telephone Nagar,R-9,83
Tigariya Badshah,M-29,60
Timber Market,C2-(16),53
Tirupati Nagar Or Patel Nagar,E-1,41
Tirupati Nagar Or Patel Nagar,M-24B,16
Todi,M-26A,3
Toll Naka,E-5,23
Toll Naka,M-26,12
Toll Naka,N-5,4
Tower Chouraha,E-4,136
Tower Chouraha,M-24B,53
Tower Chouraha,M-4,233
Tower Chouraha,M-6,558
Treasure Island,E-3,43
Treasure Island,R-9,42
Trenching Ground Indore,M-22,13
Trimala Pride,R-17,7
Triveni Square,M-29,34
Tulsi Nagar,M-25,33
Tulsi Nagar,N-13,8
Udankhedi,Indore-Narsingarh Via Biaora,1
Udyog Nagar,M-22,33
Udyog Nagar,M-22 A,89
Udyog Nagar,M-23,7
Udyog Nagar,R-17,13
Ujjaini,M-23,2
Umaria Phata,M-22,14
Umiya Girls College,M-20,39
Umiya Girls College,M-20A,16
Umri Kheda,M-19,146
Usha Nagar Or Dashera Maidan,E-1,144
Usha Nagar Or Dashera Maidan,E-4,169
Usha Nagar Or Dashera Maidan,M-20,31
Usha Nagar Or Dashera Maidan,M-20A,6
Usha Nagar Or Dashera Maidan,R-4,80
Vaibhav Nagar,R-9,96
Vaishali Nagar,E-4,68
Vaishali Nagar,M-20,16
Vaishali Nagar,M-20A,4
Vaishali Nagar,R-4,37
Vaishnav Collage,E-5,221
Veena Nagar,M-17,24
Veena Nagar,M-35,53
Veena Nagar,R-4,45
Velocity Talkies,M-27,113
Velocity Talkies,N-5,15
Velocity Talkies,R-5,118
Vidhyanjali School,C2-(16),16
Vijay Nagar,R-17,63
Vijay Nagar Police Chowki,M-17,104
Vijay Nagar Police Chowki,M-25,87
Vijay Nagar Police Chowki,M-26,7
Vijay Nagar Police Chowki,N-13,9
Vijay Nagar Police Chowki,R-4,34
Vijay Nagar Police Chowki,R-5,347
Vijay Nagar Police Station Or Mangal City,R-4,29
Vijay Nagar Zonal,M-17,23
Vijay Nagar Zonal,M-25,99
Vijay Nagar Zonal,M-26,8
Vijay Nagar Zonal,M-26A,3
Vijay Nagar Zonal,N-13,31
Vijay Nagar Zonal,R-17,30
Vijay Nagar Zonal,R-4,180
Vijay Nagar Zonal,R-5,988
Vikas Pradhikaran,M-29,24
Visranti Chauraha,M-17,25
Visranti Chauraha,M-26A,2
Visranti Chauraha,M-35,8
Visranti Chauraha,R-4,25
Vrindavan Colony,C-4(M-34),25
White Church,C-3,3
White Church,C-4(M-34),31
White Church,M-29,34
White Church Chauraha,C-4(M-34),127
White Church Chauraha,M-29,144
White Church Or Shivaji Park,C2-(16),576
Yadav Dharmashala,M-4,137
Zam Zam Chauhara,C-1,161
Zoo,M-22,25
Zoo,M-22 A,15
Zoo,R-17,15
